suite,scenario_name,final_nodes,tail_n,kmin,power_alpha,power_ks,power_loglik,power_aic,exp_lambda,exp_loglik,exp_aic,lognorm_sigma,lognorm_scale,lognorm_loglik,lognorm_aic,preferred_model,llr_power_vs_exp,llr_power_vs_lognorm
beta_k_heatmap,beta_0.0_K_16,1000,8000,2,2.3023116210716,0.046224751077600046,-14881.314751533599,29764.629503067197,0.5,-13545.177444479565,27092.35488895913,0.5883262132638702,3.232741316621144,-16494.36251897639,32992.72503795278,exponential,-1336.137307054034,1613.047767442793
beta_k_heatmap,beta_0.0_K_32,1000,4128,3,2.5363632483141174,0.019915142632971228,-8723.238762281737,17448.477524563474,0.3477088948787062,-8488.776509238513,16979.553018477025,0.5595721069103254,4.793105207793079,-9930.044852797353,19864.089705594706,exponential,-234.46225304322434,1206.8060905156162
beta_k_heatmap,beta_0.0_K_8,1000,8000,2,2.2011033519773417,0.12982977356724412,-16090.965506498651,32183.931012997302,0.5,-13545.177444479566,27092.354888959133,0.5346528938666099,3.448822707657355,-16246.671381575532,32497.342763151064,exponential,-2545.7880620190845,155.70587507688106
beta_k_heatmap,beta_0.0_K_very_large,1000,1633,5,2.722458122823097,0.011036948412624259,-4133.825525565116,8269.651051130231,0.20473921765295888,-4222.967751090085,8447.93550218017,0.5460376027158546,8.041720359421415,-4733.273578197606,9470.547156395212,power_law,89.14222552496904,599.4480526324905
beta_k_heatmap,beta_0.5_K_16,1000,8000,2,2.2762160162754683,0.04913797402052733,-15180.630565860563,30363.261131721127,0.5,-13545.177444479563,27092.354888959126,0.5765646430508152,3.2838992640211186,-16458.417873346916,32920.83574669383,exponential,-1635.4531213810005,1277.7873074863528
beta_k_heatmap,beta_0.5_K_32,1000,8000,2,2.3282126419405946,0.027924621935713323,-14592.140060689988,29186.280121379976,0.5,-13545.177444479565,27092.35488895913,0.5885237467167396,3.1846952509370556,-16377.257065768732,32758.514131537464,exponential,-1046.9626162104232,1785.1170050787441
beta_k_heatmap,beta_0.5_K_8,1000,8000,2,2.185506622556362,0.1332824260415978,-16289.861052083343,32581.722104166685,0.5,-13545.177444479566,27092.354888959133,0.5174398716383692,3.4868067093575337,-16072.503335283676,32149.006670567353,exponential,-2744.683607603776,-217.35771679966638
beta_k_heatmap,beta_0.5_K_very_large,1000,2388,4,2.633648094219552,0.01228950042965754,-5635.404908948222,11272.809817896445,0.24841360657443046,-5713.672446685336,11429.344893370671,0.5623674070170898,6.455225146046815,-6467.249759900789,12938.499519801579,power_law,78.26753773711334,831.844850952567
beta_k_heatmap,beta_1.0_K_16,1000,8000,2,2.2492012795264387,0.05234838923318441,-15499.384340145174,31000.768680290348,0.5,-13545.177444479565,27092.35488895913,0.5600017353331316,3.3400194023305447,-16360.798022470644,32725.59604494129,exponential,-1954.2068956656094,861.4136823254703
beta_k_heatmap,beta_1.0_K_32,1000,4421,3,2.543296725773927,0.02636571635731455,-9308.794716986657,18619.589433973313,0.3818119008549961,-8677.65904141204,17357.31808282408,0.5193977046495507,4.779109660149207,-10292.562814488669,20589.125628977337,exponential,-631.1356755746165,983.7680975020121
beta_k_heatmap,beta_1.0_K_8,1000,8000,2,2.166740123000383,0.1375598894210719,-16534.050558369385,33070.10111673877,0.5,-13545.177444479566,27092.354888959133,0.4952919092649334,3.5344369242336766,-15831.076475152899,31666.152950305797,exponential,-2988.8731138898183,-702.9740832164862
beta_k_heatmap,beta_1.0_K_very_large,1000,2445,4,2.662731224430006,0.010947242389223955,-5699.599827860848,11401.199655721695,0.25556600815302605,-5780.651283965682,11563.302567931363,0.5536763902533977,6.386478882831399,-6557.35972586186,13118.71945172372,power_law,81.05145610483396,857.7598980010125
beta_k_heatmap,beta_2.0_K_16,1000,600,9,6.309931463078553,0.06392122250357679,-983.8612998657572,1969.7225997315145,0.7371007371007371,-783.0184264718364,1568.0368529436728,0.13371720818516705,10.261433131168982,-1041.1817693281175,2086.363538656235,exponential,-200.84287339392085,57.32046946236028
beta_k_heatmap,beta_2.0_K_32,1000,8000,2,2.2688694761621497,0.041329132605592234,-15266.39752868574,30534.79505737148,0.5,-13545.177444479565,27092.35488895913,0.5676472928689067,3.2988312319304858,-16370.014003228614,32744.02800645723,exponential,-1721.2200842061757,1103.6164745428741
beta_k_heatmap,beta_2.0_K_8,1000,887,7,10.779046283542527,0.07552192878589503,-527.5247015456735,1057.049403091347,4.74331550802139,493.82515615857875,-985.6503123171575,0.05446651420508366,7.199860405377546,-428.2710850221214,860.5421700442428,exponential,-1021.3498577042521,-99.25361652355207
beta_k_heatmap,beta_2.0_K_very_large,1000,1650,5,2.7442250692633268,0.01079629594229048,-4143.863551998872,8289.727103997744,0.21053974735230316,-4220.833353261093,8443.666706522186,0.5352050024083258,7.983667586496212,-4737.531171415669,9479.062342831337,power_law,76.96980126222115,593.6676194167967
headline,ba_benchmark,200,472,4,2.5913876225605508,0.020845189209333093,-1134.183903336088,2270.367806672176,0.24405377456049634,-1137.6930778818669,2277.3861557637338,0.5703867541121211,6.561015449369784,-1292.6396310095977,2589.2792620191954,power_law,3.509174545778933,158.45572767350973
headline,ba_benchmark,1000,1170,6,2.780093756336664,0.01179622894228105,-3139.2574386805236,6280.514877361047,0.1748617545957256,-3210.1987214594874,6422.397442918975,0.5363450222336927,9.645738923857152,-3583.098279475257,7170.196558950514,power_law,70.9412827789638,443.8408407947336
headline,capacity_only,200,1600,2,2.249141297155687,0.05473022845894915,-3100.020506973394,6202.041013946788,0.5,-2709.0354888959127,5420.0709777918255,0.5598625884549882,3.340147794038645,-3271.823497287234,6547.646994574468,exponential,-390.9850180774811,171.80299031384038
headline,capacity_only,1000,8000,2,2.2463572842180426,0.0528407900521245,-15533.488734251714,31068.977468503428,0.5,-13545.177444479565,27092.35488895913,0.5587354588596984,3.346126004107107,-16357.30108309053,32718.60216618106,exponential,-1988.3112897721494,823.8123488388155
headline,general_model,200,1600,2,2.2427463532576724,0.05614583063288037,-3115.388765231256,6232.777530462512,0.5,-2709.0354888959127,5420.0709777918255,0.5550746482330711,3.3539358551626712,-3264.6726377383998,6533.3452754767995,exponential,-406.35327633534325,149.28387250714377
headline,general_model,1000,8000,2,2.251333124692005,0.052447976447726696,-15473.889429711106,30949.77885942221,0.5,-13545.177444479566,27092.354888959133,0.5620530436136615,3.3354673926643237,-16379.13840471855,32762.2768094371,exponential,-1928.711985231539,905.2489750074437
headline,spatial_only,200,828,3,2.547757022473645,0.015306493766701457,-1739.39592230538,3480.79184461076,0.34907251264755484,-1699.4498015463912,3400.8996030927824,0.5614040770169358,4.770194008050868,-1990.5212379763348,3985.0424759526695,exponential,-39.946120758988855,251.1253156709547
headline,spatial_only,1000,1646,5,2.755991616344896,0.011873706538008788,-4116.253270680508,8234.506541361015,0.20626566416040099,-4244.359648954458,8490.719297908916,0.5515944024734833,7.953055525362693,-4769.371332582319,9542.742665164638,power_law,128.1063782739502,653.1180619018114
sensitivity,K_16,1000,8000,2,2.2497002810824673,0.05228721809873438,-15493.411408011212,30988.822816022424,0.5,-13545.177444479565,27092.35488895913,0.5602458870720076,3.338951963015983,-16361.72799887839,32727.45599775678,exponential,-1948.2339635316475,868.3165908671781
sensitivity,K_32,1000,4365,3,2.5192132893978707,0.03175649774607697,-9307.01442588964,18616.02885177928,0.37516115169746456,-8644.444286574639,17290.888573149277,0.5166367935160711,4.828453130066329,-10183.761103459372,20371.522206918744,exponential,-662.5701393150011,876.7466775697321
sensitivity,K_8,1000,8000,2,2.167747645094633,0.13732676245295827,-16520.802092852988,33043.604185705975,0.5,-13545.177444479566,27092.354888959133,0.4966614238550482,3.5318242148017074,-15847.25056508927,31698.50113017854,exponential,-2975.624648373421,-673.5515277637169
sensitivity,K_very_large,1000,1163,6,2.7533722974474255,0.011182681102045455,-3148.213326620529,6298.426653241058,0.17097912378712143,-3217.106664575378,6436.213329150756,0.5425463078480344,9.728674154047496,-3584.9874133230205,7173.974826646041,power_law,68.8933379548489,436.77408670249133
sensitivity,alpha_0.5,1000,229,11,7.954256762403435,0.05865119255780182,-351.55604471347306,705.1120894269461,0.8419117647058822,-268.40633436786254,538.8126687357251,0.10143100222270465,12.123819557818106,-372.29311268291383,748.5862253658277,exponential,-83.14971034561052,20.737067969440773
sensitivity,alpha_1.0,1000,8000,2,2.2504244823294,0.05256481453376027,-15484.748688609066,30971.497377218133,0.5,-13545.177444479565,27092.35488895913,0.5610372968320965,3.3374049090193516,-16369.313375543112,32742.626751086224,exponential,-1939.5712441295018,884.5646869340453
sensitivity,alpha_1.5,1000,8000,2,2.3097963592511173,0.045421671034603706,-14796.959438720281,29595.918877440563,0.5,-13545.177444479563,27092.354888959126,0.5977135980856367,3.218587407674334,-16585.9002441153,33175.8004882306,exponential,-1251.7819942407186,1788.9408053950174
sensitivity,baseline,1000,8000,2,2.252374694001251,0.0524393449759174,-15461.454805559622,30924.909611119245,0.5,-13545.177444479565,27092.35488895913,0.5628309257687371,3.3332512723521446,-16384.885708155743,32773.77141631149,exponential,-1916.2773610800577,923.4309025961211
sensitivity,beta_0.0,1000,8000,2,2.3041306654737346,0.04602827241061247,-14860.753440707027,29723.506881414054,0.5,-13545.177444479563,27092.354888959126,0.5898612294163473,3.229280762247351,-16506.63997832394,33017.27995664788,exponential,-1315.5759962274642,1645.8865376169124
sensitivity,beta_0.5,1000,8000,2,2.2741634356634064,0.04937479827065683,-15204.525611583947,30411.051223167895,0.5,-13545.177444479563,27092.354888959126,0.575017785944934,3.288047035743418,-16447.024071888176,32898.04814377635,exponential,-1659.3481671043846,1242.4984603042285
sensitivity,beta_1.0,1000,8000,2,2.2512184242466353,0.05246271182363205,-15475.259629325992,30952.519258651984,0.5,-13545.177444479566,27092.354888959133,0.5614757238528482,3.335711753521385,-16371.50295163093,32747.00590326186,exponential,-1930.0821848464257,896.2433223049375
sensitivity,beta_2.0,1000,386,10,7.872317790971747,0.047689780614016075,-557.6564829320732,1117.3129658641465,0.9507389162561577,-405.4990949928441,812.9981899856882,0.10593533054557351,10.987992808785233,-606.3346620792546,1216.6693241585092,exponential,-152.15738793922912,48.67817914718137
sensitivity,kappa_1,1000,3072,2,2.383270499922787,0.040831709041401765,-5376.698821032399,10755.397642064798,0.6134185303514377,-4573.310418470006,9148.620836940012,0.5209751386149166,3.0906749913576332,-5822.285067593511,11648.570135187021,exponential,-803.3884025623929,445.5862465611117
sensitivity,kappa_2,1000,8000,2,2.2488897937867725,0.05276270654620108,-15503.11440659316,31008.22881318632,0.5,-13545.177444479565,27092.35488895913,0.5604131239685356,3.340686322692066,-16368.270072453557,32740.540144907114,exponential,-1957.9369621135957,865.1556658603968
sensitivity,kappa_4,1000,8000,4,2.391738831350361,0.1167724609920403,-21037.818297016944,42077.63659403389,0.25125628140703515,-19050.25455437077,38102.50910874154,0.456554986608557,7.179922461011934,-20849.447866370123,41702.895732740246,exponential,-1987.5637426461726,-188.37043064682075
sensitivity,phi_0.0,1000,8000,2,2.2489064749928094,0.052384562246724053,-15502.914615573309,31007.829231146618,0.5,-13545.177444479565,27092.35488895913,0.5598429355374235,3.3406505948497043,-16360.040826034456,32724.08165206891,exponential,-1957.737171093744,857.1262104611469
sensitivity,phi_0.5,1000,8000,2,2.2505162867196518,0.052187341117203356,-15483.651036861102,30969.302073722203,0.5,-13545.177444479565,27092.35488895913,0.5608986859716283,3.3372089736763617,-16366.866952366228,32737.733904732457,exponential,-1938.473592381537,883.2159155051268
sensitivity,phi_1.0,1000,8000,2,2.247792322052871,0.052529648798426365,-15516.266867450151,31034.533734900302,0.5,-13545.177444479563,27092.354888959126,0.5596330502785837,3.343039830004497,-16362.760621016012,32729.521242032024,exponential,-1971.0894229705882,846.493753565861
sensitivity,phi_2.0,1000,8000,2,2.240412903981368,0.05399340237169792,-15605.11741090822,31212.23482181644,0.5,-13545.177444479565,27092.35488895913,0.5536272589416854,3.3590166667342385,-16314.585353309656,32633.170706619312,exponential,-2059.9399664286557,709.4679424014357
