node,x,y,capacity,degree
0,0.9197965247335774,0.03699035804831641,16.0,16
1,0.33793262781763866,0.16514652702536636,16.0,12
2,0.9285923417998428,0.9757970323948167,16.0,14
3,0.5473247845251545,0.8155750982130336,16.0,16
4,0.9257968670987998,0.2777971647279508,16.0,15
5,0.7239961230978312,0.833082001869377,16.0,14
6,0.43339121482343035,0.5304737475861688,16.0,15
7,0.3218889644681273,0.8302062976514726,16.0,9
8,0.8082865811473766,0.5076206814322874,16.0,9
9,0.7534469507879643,0.43714165615396205,16.0,12
10,0.6342384444961596,0.312837721345414,16.0,15
11,0.9881912502262779,0.4411719840418896,16.0,15
12,0.5053185588658219,0.4416192028475785,16.0,8
13,0.14870116746429618,0.07273047634484453,16.0,15
14,0.9750483238996855,0.30140565824511334,16.0,10
15,0.2397207411695219,0.152029739329817,16.0,13
16,0.45667627265652133,0.12113663363774996,16.0,13
17,0.3775776850046271,0.22856029036369374,16.0,16
18,0.5067639505688618,0.9545132376215545,16.0,14
19,0.16866209158571788,0.546319549646681,16.0,12
20,0.05882091758742558,0.05453780805148556,16.0,15
21,0.20648936561511133,0.6384643320226271,16.0,15
22,0.5847078273021062,0.07782535769453536,16.0,8
23,0.6432004937077113,0.24758150448724836,16.0,14
24,0.7709459412028008,0.2642400201354501,16.0,7
25,0.46094556285774113,0.12963952469733464,16.0,15
26,0.9570415183123804,0.8982547033398075,16.0,10
27,0.8520387506615408,0.1968553401019787,16.0,7
28,0.1589359420775468,0.7400611651504891,16.0,7
29,0.4116432920499582,0.9635911252539646,16.0,12
30,0.45712870211576573,0.6357789972327575,16.0,16
31,0.7680446392084666,0.2503042374667712,16.0,7
32,0.7491971215174386,0.9095067258434986,16.0,10
33,0.4507657408157242,0.2894460635377011,16.0,7
34,0.27060986686028876,0.7639044635164899,16.0,13
35,0.9623082750531584,0.17929338912772452,16.0,10
36,0.930632276795303,0.13751543150581003,16.0,13
37,0.8075589077124735,0.9045590106279428,16.0,13
38,0.8467459636978388,0.0037038018591789568,16.0,15
39,0.7831797594474028,0.3148458830429527,16.0,12
40,0.27650373052963073,0.9866756200751359,16.0,5
41,0.5938193579891774,0.7364830504168431,16.0,8
42,0.15830236985644375,0.8280626754529167,16.0,12
43,0.6699645788690816,0.04216833050406754,16.0,9
44,0.836615961015504,0.25556973963762764,16.0,8
45,0.9938756062654139,0.08064646452546198,16.0,6
46,0.5311946808979261,0.9762086263661669,16.0,13
47,0.7957368516105747,0.6486530023675028,16.0,7
48,0.210402308285232,0.454022152763208,16.0,10
49,0.5892335971818594,0.24976311731372713,16.0,4
50,0.3810952842621289,0.8107136679284732,16.0,4
51,0.7922411783512074,0.6702489799379723,16.0,5
52,0.4795744363522435,0.6343660326178876,16.0,2
53,0.8149287287385252,0.14118388870578125,16.0,8
54,0.7276151459838891,0.3333007963852568,16.0,12
55,0.009519380257621446,0.1962445698553854,16.0,12
56,0.6311721681207685,0.697941791774055,16.0,12
57,0.7898079830563034,0.6117120916097688,16.0,11
58,0.4583968581093557,0.8208351452591781,16.0,6
59,0.09180903891993719,0.9742787139584878,16.0,9
60,0.38676601627966223,0.4109898661546918,16.0,3
61,0.7630731510936475,0.3248428608713261,16.0,4
62,0.5228314923230298,0.45532919369290104,16.0,11
63,0.7986848261106781,0.9113896760529268,16.0,12
64,0.6519367559160076,0.8946221242230746,16.0,7
65,0.6785526899822477,0.5152578097252746,16.0,12
66,0.5033267800962586,0.3780610860498358,16.0,5
67,0.8895870711488779,0.7265786655980626,16.0,9
68,0.290485034528963,0.9732743776401183,16.0,10
69,0.12080884483415488,0.14498293059592526,16.0,5
70,0.8191884670907339,0.7213217070515684,16.0,7
71,0.7650649238144396,0.0575375140166452,16.0,7
72,0.46452311200715635,0.4800125664152475,16.0,10
73,0.5252330127657548,0.6364905600148807,16.0,5
74,0.4404174618700598,0.21411755376306674,16.0,8
75,0.3628222703860461,0.8678591220213667,16.0,12
76,0.364608447288033,0.8474073256959287,16.0,11
77,0.5447148146511729,0.7227566760484556,16.0,7
78,0.5837059633638921,0.9049579929513533,16.0,13
79,0.3718888383385348,0.22153313846477507,16.0,12
80,0.6409669467023025,0.08526110312655777,16.0,6
81,0.3819723180425054,0.4224245612886216,16.0,3
82,0.3867685718084559,0.7725993925193243,16.0,8
83,0.057489715524239204,0.768182488069855,16.0,11
84,0.5911572865659152,0.33380259111923516,16.0,4
85,0.45425752950279796,0.23921795057455686,16.0,5
86,0.9406466046410422,0.7778326503286789,16.0,7
87,0.2522698514128029,0.881308885686851,16.0,9
88,0.9121337951468268,0.37738524718036626,16.0,10
89,0.04852897599914896,0.7135662912747964,16.0,9
90,0.9900094095078064,0.8563311845506316,16.0,5
91,0.5004684150666067,0.07771405738953263,16.0,11
92,0.744539265129587,0.8301627960674336,16.0,4
93,0.4331094113191486,0.9220264466670175,16.0,6
94,0.2504914597874053,0.3160235457507067,16.0,8
95,0.8151812428585159,0.9442901849809721,16.0,7
96,0.48205466496209537,0.3143960716487507,16.0,13
97,0.34539241608441107,0.24559121287935282,16.0,8
98,0.28520784965204093,0.23703612753704606,16.0,5
99,0.7675578231401393,0.6143601233001713,16.0,5
100,0.23684700314528695,0.3826704701849959,16.0,6
101,0.9029267874279563,0.43852354527724713,16.0,5
102,0.29597360188225785,0.7609890738365055,16.0,9
103,0.8368599932679345,0.7311970874057805,16.0,6
104,0.8685011670425007,0.16815782382285727,16.0,11
105,0.5061154366576599,0.481841308227676,16.0,6
106,0.45826380733529637,0.4945742788918063,16.0,7
107,0.6576817073805183,0.0028007609490495744,16.0,5
108,0.2908417529386864,0.4976054950637868,16.0,10
109,0.5587281027803545,0.5542979847945229,16.0,10
110,0.7151314850933533,0.4451908882629121,16.0,6
111,0.8948464294088413,0.12366077180126533,16.0,4
112,0.9674273295056736,0.34779060839866116,16.0,11
113,0.9147840489207781,0.86756716550606,16.0,7
114,0.7994601192061742,0.5241163935228756,16.0,11
115,0.14389270971473767,0.5281809113932595,16.0,8
116,0.9573098002781266,0.6276002145923358,16.0,6
117,0.37608112651747727,0.11816143630692955,16.0,8
118,0.71059417137307,0.5454258257967414,16.0,7
119,0.8624477006630575,0.7349174213394484,16.0,6
120,0.34458055040962776,0.34260479865926363,16.0,5
121,0.14352785670923474,0.5550630874655283,16.0,9
122,0.5532951158608611,0.8149643412542953,16.0,6
123,0.8621647465722565,0.758948861527925,16.0,2
124,0.31871177549449925,0.12747063720405516,16.0,12
125,0.28497623734138167,0.25659206178150673,16.0,6
126,0.9475780772984671,0.16882897852677936,16.0,4
127,0.05216008266024419,0.14427571368306602,16.0,5
128,0.3977238349673432,0.80208027758047,16.0,7
129,0.15662683181235026,0.39921673774933897,16.0,5
130,0.515436876321833,0.2960983287320239,16.0,2
131,0.5177821870428492,0.20772323471406873,16.0,7
132,0.8784525209595638,0.6973251822643423,16.0,6
133,0.9221725624993717,0.32953873467946837,16.0,5
134,0.20588874201682272,0.46435015522942635,16.0,2
135,0.7949507523871899,0.07525967210048834,16.0,10
136,0.9490185161830007,0.27138599512793404,16.0,12
137,0.7953794527267618,0.5900884520542615,16.0,6
138,0.35473827633111954,0.23420568428418143,16.0,4
139,0.9353593033042217,0.8336451550697822,16.0,7
140,0.9417497409434441,0.5954650867164007,16.0,6
141,0.38870870846144123,0.9600316938892615,16.0,6
142,0.6481907330688816,0.019732667664871806,16.0,2
143,0.6834375740971588,0.9992068991052918,16.0,8
144,0.5952055850805528,0.10143949836945765,16.0,5
145,0.6346365041975409,0.24415501572307685,16.0,7
146,0.9236467422898988,0.8355703937472732,16.0,3
147,0.24609615412514962,0.7350026678793078,16.0,4
148,0.6906580349889117,0.5367014204770116,16.0,10
149,0.6779813808378956,0.7723668673679444,16.0,6
150,0.06290864552720443,0.5696327055541127,16.0,4
151,0.2915050801961335,0.9447672177967074,16.0,3
152,0.9500799801867588,0.3497703909372818,16.0,4
153,0.36520853575638745,0.6640554687297106,16.0,8
154,0.6038329829703731,0.9084060541551457,16.0,6
155,0.13670067321942014,0.9353966569434216,16.0,3
156,0.6079667718293078,0.5380664862722747,16.0,2
157,0.5756515376599162,0.19150009880138386,16.0,7
158,0.0022786471987272794,0.22619953853293473,16.0,2
159,0.8959742966486098,0.6826021050647506,16.0,5
160,0.7762085218446324,0.747780419173457,16.0,5
161,0.6599486480344929,0.06130374949131012,16.0,7
162,0.03941933523208796,0.12372008116512223,16.0,7
163,0.43132073864363296,0.6005901450917798,16.0,7
164,0.06669323092374113,0.7379866660298541,16.0,3
165,0.6203167474060386,0.9109767276504048,16.0,5
166,0.35361680155887454,0.9977337908454682,16.0,2
167,0.7378439876383837,0.5295508493871973,16.0,5
168,0.06397376288794532,0.5947587168479264,16.0,7
169,0.5093631743783839,0.49951187798467167,16.0,2
170,0.009458601361903352,0.31091525038864287,16.0,4
171,0.2340768090314106,0.7003907337664724,16.0,3
172,0.06343082810338851,0.2170360111434202,16.0,4
173,0.31622424693710494,0.9417498847596104,16.0,6
174,0.9425495584773141,0.8954287275352083,16.0,4
175,0.1044634547856671,0.9157437241502978,16.0,4
176,0.4587361459091074,0.041631551942160616,16.0,6
177,0.40502782671811366,0.5370241858907893,16.0,6
178,0.3962684906392704,0.49473949973368225,16.0,7
179,0.12587578271003574,0.9488741083953213,16.0,3
180,0.15374391985600822,0.5876872098203568,16.0,9
181,0.659546452461099,0.17083907765291828,16.0,7
182,0.5339643740802799,0.8055969882380105,16.0,11
183,0.2822237691888432,0.55438227431099,16.0,5
184,0.8139831209283295,0.17709388207221033,16.0,5
185,0.5354610137584558,0.8353735559354033,16.0,5
186,0.6809458554328205,0.08201490617125251,16.0,6
187,0.7108857765905606,0.3548387571981323,16.0,6
188,0.6069031702612846,0.3642580010678911,16.0,2
189,0.7053679667658118,0.37571408115899885,16.0,2
190,0.2106741419236956,0.3755568205162504,16.0,6
191,0.18051795716231978,0.2821737886221152,16.0,2
192,0.10942370611710617,0.10661967317597476,16.0,2
193,0.7265798641047142,0.1749506421679562,16.0,4
194,0.9279552604182913,0.731961381914377,16.0,2
195,0.8824669246018044,0.5977561919210578,16.0,7
196,0.24760006804780677,0.6564889602822631,16.0,5
197,0.0675283444982534,0.04564524884260046,16.0,6
198,0.2614635935933993,0.616607401274261,16.0,6
199,0.8883806309859618,0.10413722692242966,16.0,5
200,0.94964856133428,0.6513897875303906,16.0,3
201,0.5406584085500149,0.1914223190016614,16.0,4
202,0.42412114916887744,0.6136468800169519,16.0,4
203,0.8043998903804729,0.3979907701696551,16.0,7
204,0.5477380465316876,0.1972180732298483,16.0,4
205,0.02120499636588624,0.4281724691051155,16.0,4
206,0.2593528903948479,0.6693778754734482,16.0,3
207,0.5176125326360357,0.4902633697105041,16.0,5
208,0.412333825248697,0.9457653281112551,16.0,5
209,0.11994075675213622,0.496318888820798,16.0,6
210,0.03760603656946093,0.5602352188321125,16.0,9
211,0.8861987155472073,0.2901836102416675,16.0,7
212,0.12966994898819595,0.1839640462513934,16.0,7
213,0.136702477233134,0.14904364274219428,16.0,7
214,0.8911602220725484,0.9038894827904028,16.0,5
215,0.9340155555399381,0.7867570878907142,16.0,2
216,0.702385851186412,0.8124802570094674,16.0,6
217,0.06374681402930948,0.8719887120724763,16.0,4
218,0.3808041531646399,0.7077392141282671,16.0,4
219,0.46481641114305905,0.45672771025943226,16.0,8
220,0.5803626223585618,0.30630839276159905,16.0,7
221,0.6819224359912076,0.24057859416628125,16.0,2
222,0.9770363836120959,0.16375712011260335,16.0,4
223,0.6874868460486192,0.8969383827889434,16.0,8
224,0.7632518376738813,0.6337174943103183,16.0,6
225,0.5328105933013777,0.786348463466701,16.0,4
226,0.8097184790755174,0.7066924360233543,16.0,5
227,0.11807334457409757,0.3093265179347747,16.0,8
228,0.33991477756683863,0.7288487354123518,16.0,4
229,0.22987454177817768,0.1688957600924681,16.0,5
230,0.0631097642781887,0.15399941113816218,16.0,5
231,0.6756380153358139,0.42721603879304126,16.0,3
232,0.8486330102651289,0.594785874212856,16.0,5
233,0.589931931563866,0.3756625120576289,16.0,11
234,0.970104384102265,0.19454893204664303,16.0,6
235,0.16199884735863979,0.016113354115503742,16.0,4
236,0.3520084049423372,0.7075066063645341,16.0,3
237,0.8776917501286311,0.8570455146924804,16.0,3
238,0.6339506832858836,0.2976153885430294,16.0,6
239,0.7802421112625247,0.055110211493356154,16.0,4
240,0.5451474026854434,0.7222050327816546,16.0,6
241,0.42405100035418575,0.8106129859180525,16.0,8
242,0.6518576753438655,0.5494246068848552,16.0,6
243,0.5831426729127311,0.8779046007046967,16.0,10
244,0.762868634312707,0.8968435273025799,16.0,7
245,0.3236444726901392,0.010074648918897422,16.0,9
246,0.08948769749142793,0.9387877985936578,16.0,5
247,0.9636167107009296,0.5609422903758031,16.0,7
248,0.19101213524203697,0.5136223021473381,16.0,6
249,0.4249888746523517,0.546887594914523,16.0,2
250,0.6904142702537557,0.6683622871983337,16.0,6
251,0.7916161550933779,0.26771792921551674,16.0,6
252,0.10547689755264389,0.07009522562918213,16.0,5
253,0.9843589637425151,0.032423789916556256,16.0,2
254,0.16254874403094155,0.619433472310485,16.0,10
255,0.9164736895822797,0.5529560345034961,16.0,3
256,0.34693920183132887,0.5059272110705222,16.0,4
257,0.3599320079789883,0.8852886665885717,16.0,3
258,0.12847773046122568,0.9675562251922867,16.0,4
259,0.009660670921491477,0.7121640446092146,16.0,4
260,0.97529583054974,0.42992325556885613,16.0,3
261,0.5359884909138705,0.8036018068467476,16.0,3
262,0.4262996373652469,0.9691979796365648,16.0,5
263,0.8872245925936719,0.2915192113957308,16.0,4
264,0.4582637989317,0.17037217145452233,16.0,3
265,0.22456456256541435,0.07551353414852158,16.0,3
266,0.7422424105838966,0.8979559527093779,16.0,4
267,0.4053543285142934,0.46503000459571786,16.0,8
268,0.31838113581516747,0.6217069730548218,16.0,4
269,0.03332222178102229,0.1786921722994076,16.0,6
270,0.23950047862761947,0.7462739622407559,16.0,5
271,0.08948521163487133,0.46268934398408146,16.0,6
272,0.2689627482974529,0.35596166305388444,16.0,8
273,0.7431506995218291,0.7499423568482696,16.0,5
274,0.05695748420100755,0.37412753774374896,16.0,7
275,0.525753777197728,0.11377849198099099,16.0,8
276,0.34929022328495685,0.012355629932581214,16.0,3
277,0.27087627227387656,0.39334274403684344,16.0,6
278,0.5321097697035495,0.6598397321841301,16.0,6
279,0.7015333937216806,0.009747545855372297,16.0,6
280,0.5673088304777552,0.8002943347589501,16.0,5
281,0.4887420351730912,0.859093910412952,16.0,2
282,0.4472193617788318,0.8678032252077434,16.0,4
283,0.27359146148173485,0.08290643147409116,16.0,4
284,0.3211033393938627,0.6837097419831931,16.0,3
285,0.277855459786878,0.7121843459651925,16.0,2
286,0.573735116741698,0.5016011781830101,16.0,2
287,0.6024574630540859,0.8365643918400794,16.0,5
288,0.6228211401932239,0.5222723364959146,16.0,3
289,0.4822139004015856,0.4064041062994539,16.0,9
290,0.6674871609559727,0.6807298236824193,16.0,4
291,0.8721356804813982,0.015051997927943206,16.0,2
292,0.19337977642815107,0.6456547068284608,16.0,2
293,0.10722587506710135,0.12437693924131576,16.0,6
294,0.6518494821820313,0.3831746313744193,16.0,2
295,0.08747902867083035,0.8069632276226651,16.0,3
296,0.2561143588564685,0.3193759613619216,16.0,7
297,0.09955844401634228,0.015641126978185316,16.0,8
298,0.993442853991446,0.2429180696064399,16.0,2
299,0.9606204685317643,0.054683074290979294,16.0,4
300,0.82281530902015,0.7379354621021165,16.0,6
301,0.9393679439497232,0.5599720948036201,16.0,7
302,0.9297030961555419,0.10492709603098016,16.0,3
303,0.8494356138791875,0.9218329415416695,16.0,2
304,0.9487025121600933,0.9817004862849554,16.0,5
305,0.7440897254670473,0.8343675568664514,16.0,2
306,0.25562486265220075,0.07850259465682219,16.0,4
307,0.21435004623975518,0.0028604061543280324,16.0,6
308,0.4195743375234041,0.541258856213418,16.0,3
309,0.6538746898862515,0.3591155417460796,16.0,6
310,0.8325494042855415,0.38172609526877244,16.0,7
311,0.5773539136158004,0.9716000171399959,16.0,5
312,0.0873019807763662,0.0589186045598461,16.0,7
313,0.48016846200053875,0.43526698737287106,16.0,3
314,0.7655257988972453,0.29926252495018346,16.0,4
315,0.09737551492155316,0.03486317569847719,16.0,2
316,0.5310917845663066,0.7750022176737584,16.0,4
317,0.547365313711055,0.3640090356081963,16.0,3
318,0.5639488135356916,0.4235009492184506,16.0,9
319,0.22966067766506115,0.8619535923785846,16.0,5
320,0.7734458134099869,0.7592804210873719,16.0,5
321,0.3216499587374506,0.9042929432320536,16.0,3
322,0.8692385975562772,0.9008668332639631,16.0,3
323,0.7046272101349825,0.5383649593698666,16.0,5
324,0.4614055859478311,0.7523220237601151,16.0,2
325,0.20081658569734562,0.3209318351494942,16.0,2
326,0.10924734475726539,0.8728955046946394,16.0,3
327,0.00807413428809689,0.3850702507115493,16.0,4
328,0.4712896659429471,0.7132785562556218,16.0,4
329,0.357488249023143,0.8546803617340742,16.0,5
330,0.8619605485315298,0.8945776609823665,16.0,2
331,0.8597705243709172,0.1382056539622496,16.0,3
332,0.5461595567028483,0.8516342856423832,16.0,4
333,0.0100687330167899,0.30216017878543167,16.0,10
334,0.7956363893665311,0.4529662625635008,16.0,6
335,0.5138283142294587,0.4867342681077844,16.0,3
336,0.8689180995040592,0.9660319796888177,16.0,4
337,0.8119580310140323,0.6580240863554531,16.0,3
338,0.4871089127527094,0.7857975655146379,16.0,5
339,0.04040697593441145,0.9462072493458986,16.0,5
340,0.26908408507850645,0.8998268468341967,16.0,4
341,0.30072770027761164,0.4627787324971465,16.0,2
342,0.6054037660049731,0.2426026769335089,16.0,4
343,0.45122172748591305,0.12157959461561896,16.0,4
344,0.8615955017579554,0.8597174986804108,16.0,2
345,0.4466377295555367,0.0027009888308702212,16.0,5
346,0.6081738056061389,0.46265640839407385,16.0,2
347,0.9300837156550336,0.043415638003642565,16.0,6
348,0.875113349622149,0.8681456780361481,16.0,4
349,0.6078064770701508,0.8056439819466653,16.0,2
350,0.2880216267458132,0.49156253372346215,16.0,3
351,0.4773358854996189,0.37341900824533114,16.0,2
352,0.3466552961094572,0.01564704418269014,16.0,5
353,0.4063222726905693,0.46006840704991037,16.0,3
354,0.54404770375705,0.3413248023137637,16.0,3
355,0.7399188754912185,0.9947723398319913,16.0,4
356,0.8576537022996777,0.7709113167489761,16.0,3
357,0.27897026834984606,0.8731942603520514,16.0,4
358,0.3957436614874491,0.9426984221941925,16.0,3
359,0.6811799405618193,0.09522056151246883,16.0,5
360,0.09661432618268462,0.7550766423351255,16.0,4
361,0.06812775164047258,0.22369198924040468,16.0,7
362,0.9884121766703376,0.46538302409719823,16.0,2
363,0.7868991407485311,0.8120278959241795,16.0,5
364,0.899704845151721,0.21252450013604374,16.0,3
365,0.6896121676299036,0.3185147260507514,16.0,7
366,0.7994824006683052,0.15322832226510774,16.0,3
367,0.24881062765521123,0.6960293553660514,16.0,4
368,0.2585119734183071,0.05454255467886626,16.0,6
369,0.1844815481988079,0.7201043904356735,16.0,3
370,0.11311790159731316,0.4112917849181492,16.0,3
371,0.3156123362943276,0.8706906024956345,16.0,2
372,0.19216410938939432,0.05449017223869579,16.0,2
373,0.24487658006455737,0.5679865053243552,16.0,3
374,0.24478531628926148,0.9356106599824839,16.0,4
375,0.39388861975265876,0.10841249117685314,16.0,7
376,0.6710128067511061,0.2476046832465868,16.0,3
377,0.8989082360122194,0.04312257751970139,16.0,3
378,0.3867416544760799,0.11884444026493801,16.0,4
379,0.5668483287267698,0.02643058470422266,16.0,3
380,0.6269326519221913,0.8149841659675535,16.0,7
381,0.3566151366223079,0.2566173660804433,16.0,2
382,0.12536667015961556,0.9146563370941778,16.0,4
383,0.09240708544370169,0.9322355394373434,16.0,3
384,0.3540560916412253,0.39319778919663506,16.0,2
385,0.7957175518482851,0.5656074603658806,16.0,2
386,0.5382205530088532,0.7796557685319014,16.0,2
387,0.970564922596844,0.761228507866271,16.0,5
388,0.45523008186636227,0.44780068663903716,16.0,2
389,0.5231828251075226,0.5229877130088851,16.0,3
390,0.9948073978289961,0.4442152439792686,16.0,3
391,0.5504777787936663,0.12871535399983458,16.0,3
392,0.8249182812852571,0.9547210158063945,16.0,5
393,0.9837732124211542,0.633030496264794,16.0,3
394,0.39241726769676466,0.5497737658975084,16.0,5
395,0.47775668920927084,0.6186158203751971,16.0,5
396,0.14565888140509942,0.02067074978164396,16.0,5
397,0.27587499781579816,0.8381919790046671,16.0,2
398,0.737230611706948,0.22149377408303483,16.0,4
399,0.864864331507745,0.9318067843206205,16.0,4
400,0.5421838742986631,0.14416132603584042,16.0,6
401,0.023169365654057694,0.7664031025289649,16.0,2
402,0.6216659713177687,0.9993614990583052,16.0,7
403,0.34335603795515224,0.9957205330135719,16.0,2
404,0.6248405676927954,0.43854677769987194,16.0,2
405,0.8959996386664706,0.5171952366562291,16.0,2
406,0.9231434731195591,0.4473049276152381,16.0,3
407,0.9465602465234729,0.4367116455373494,16.0,2
408,0.38744290027657424,0.9254524579086072,16.0,5
409,0.7939651366643459,0.3049656277720306,16.0,5
410,0.8527488805194786,0.87671323291832,16.0,4
411,0.7900607881721313,0.7822431077892663,16.0,3
412,0.6720754465444716,0.6597931328435885,16.0,4
413,0.7624143793255133,0.15353053933798755,16.0,4
414,0.42875551350393726,0.8504669647424205,16.0,7
415,0.4647715928229821,0.965550238901233,16.0,3
416,0.6731028726476564,0.6703834823677361,16.0,3
417,0.016826494515302937,0.8440129432621052,16.0,2
418,0.8265552590300875,0.35228872341499917,16.0,3
419,0.1224897929795935,0.04080492848104034,16.0,4
420,0.5307218991884914,0.4320051640891739,16.0,2
421,0.9021362467728994,0.1371454585477211,16.0,2
422,0.37686278180247024,0.6417901494575265,16.0,5
423,0.8857527657159302,0.17392299602067962,16.0,4
424,0.9357551314972359,0.25287987954123425,16.0,4
425,0.25047443789264445,0.8209383643675892,16.0,2
426,0.6688322071968287,0.5956550824585869,16.0,2
427,0.46456131165540193,0.021138547773723593,16.0,5
428,0.353447386308951,0.2703870516442227,16.0,2
429,0.68340747216772,0.2462796633326132,16.0,4
430,0.7208693547246509,0.4498355198325221,16.0,4
431,0.08961060305095747,0.6288660194420759,16.0,3
432,0.05019384244081482,0.17380960301197645,16.0,7
433,0.8009471221480033,0.19895736615945014,16.0,4
434,0.9777233701433615,0.04920626090837965,16.0,4
435,0.22802255702799723,0.07881020047096265,16.0,3
436,0.021112003486574937,0.813208289541469,16.0,5
437,0.5445595392990497,0.6038073610564798,16.0,3
438,0.6033908445013947,0.9268595717539486,16.0,4
439,0.8387402624490623,0.05073994151494954,16.0,2
440,0.9870572525881041,0.14379841344744937,16.0,4
441,0.947224526228035,0.5635401016045067,16.0,2
442,0.1850813255825533,0.3458320972997161,16.0,3
443,0.9033095496789394,0.20861341265174516,16.0,2
444,0.031862339887905766,0.2641367136733128,16.0,3
445,0.05556129890661199,0.4241918532656188,16.0,2
446,0.29867980784338966,0.9639963499822267,16.0,4
447,0.7303163400011382,0.20359541563369965,16.0,2
448,0.7626082525327592,0.821152291381994,16.0,2
449,0.5329327031674084,0.8838268853404339,16.0,3
450,0.17298075919437805,0.969534304068657,16.0,2
451,0.8063909506147188,0.9880784069054144,16.0,2
452,0.580268561840975,0.6860070442225789,16.0,3
453,0.7891293716635077,0.9992722574316418,16.0,2
454,0.8526799367979666,0.23317569795646687,16.0,2
455,0.13305544033522154,0.026099445039851066,16.0,2
456,0.6220956840125849,0.4667973309969158,16.0,2
457,0.36342985663489846,0.01508504405850819,16.0,3
458,0.38202203618987585,0.85201501265377,16.0,3
459,0.0852008665380749,0.3701238650874956,16.0,3
460,0.9587870265962151,0.08092820410380264,16.0,6
461,0.15883489132133433,0.30677686381606684,16.0,4
462,0.1337592090050287,0.2217803128320971,16.0,2
463,0.18638982419059635,0.008380141295066035,16.0,3
464,0.8201091564292546,0.4568668105052536,16.0,3
465,0.048888913605453554,0.09963418961085702,16.0,2
466,0.17467050984059262,0.4500127590836456,16.0,2
467,0.8663970621086177,0.6473535471123143,16.0,2
468,0.30315052724655733,0.7914662102162687,16.0,5
469,0.05480726804457403,0.44252805128610806,16.0,2
470,0.6588993319557724,0.19643733107586991,16.0,4
471,0.02666193787937643,0.4578758471361274,16.0,2
472,0.068535201708108,0.5944467916171419,16.0,3
473,0.031174815934251532,0.351672668565553,16.0,6
474,0.2191933117108018,0.8339885161199865,16.0,6
475,0.8856066591074261,0.6755307808552125,16.0,2
476,0.6044310753811013,0.27560297521705535,16.0,5
477,0.9462522947158923,0.030679535143489423,16.0,4
478,0.8554066236097881,0.6353872488506228,16.0,3
479,0.08317880283344092,0.5979010082046411,16.0,3
480,0.622938685756976,0.49977393180067864,16.0,2
481,0.351858654952786,0.8102147824244927,16.0,4
482,0.014466056548840589,0.9536466804882964,16.0,5
483,0.22590717991467535,0.226787370196596,16.0,4
484,0.8708010595851061,0.3048863670634232,16.0,3
485,0.12460437218985454,0.2858228021898829,16.0,3
486,0.9480865258651653,0.9376339762322096,16.0,3
487,0.5494129028131063,0.9316751094749461,16.0,2
488,0.6164172004143955,0.31057179837619786,16.0,4
489,0.0639998722138535,0.6309768052673795,16.0,5
490,0.8461135432745581,0.9270149872462048,16.0,2
491,0.7507036569941956,0.46819466275132116,16.0,7
492,0.23137125539335324,0.7181335951327449,16.0,6
493,0.4284701771302356,0.6031486861180967,16.0,4
494,0.4176788321021505,0.44424617769369645,16.0,3
495,0.12263432640526495,0.95027706255525,16.0,3
496,0.7594706203807053,0.18076298773319444,16.0,4
497,0.6527026338415858,0.9539316682303751,16.0,4
498,0.3128759191749585,0.35124873991886596,16.0,3
499,0.9578024972142689,0.6766347495498001,16.0,3
500,0.5260450012048739,0.8535532339730799,16.0,4
501,0.34488443514802025,0.44975376157648517,16.0,4
502,0.3011647654371351,0.14630706431325402,16.0,4
503,0.9910857053017538,0.9457095741803302,16.0,2
504,0.37956815634957386,0.17121846739947766,16.0,2
505,0.0004740951241829494,0.9635008912282286,16.0,5
506,0.36712792585034804,0.8553085155565748,16.0,3
507,0.6783266944796436,0.46712838510300814,16.0,3
508,0.5322733374693753,0.30930932946146394,16.0,5
509,0.5575117728446088,0.5471412901834354,16.0,3
510,0.7741911053126491,0.4110676822929248,16.0,4
511,0.13469536618465128,0.9717297450253282,16.0,2
512,0.09131090218763604,0.9712131867263456,16.0,4
513,0.6695770854130237,0.9265172267122928,16.0,3
514,0.3048451331896498,0.5694880159950952,16.0,2
515,0.8717807864249998,0.7809175840198911,16.0,2
516,0.873829438084165,0.4612549961782494,16.0,4
517,0.5981022300878216,0.25363649893361895,16.0,2
518,0.5882084053613374,0.4016812882366555,16.0,2
519,0.8088180135214474,0.7668836859104217,16.0,2
520,0.5630718183635457,0.0072611048177821935,16.0,5
521,0.9393217924013424,0.779222702728903,16.0,7
522,0.34137308696913027,0.7046065476146445,16.0,2
523,0.17294070412728535,0.39136239819127094,16.0,3
524,0.7309285587814958,0.7612803687114119,16.0,2
525,0.6285799230254847,0.16736377815897585,16.0,2
526,0.2914096973031747,0.24722845550186545,16.0,4
527,0.48242281626468986,0.7658679630182909,16.0,2
528,0.10042514499040145,0.007242408523976729,16.0,2
529,0.9584493781773458,0.16482991117801327,16.0,3
530,0.6459922677159229,0.5970715215679387,16.0,2
531,0.20059526570610087,0.29864514289063526,16.0,2
532,0.897598698812532,0.5840544643014305,16.0,4
533,0.6864445616693178,0.159147214507267,16.0,3
534,0.07722384748731759,0.3204766097354166,16.0,5
535,0.7794945373634637,0.5786541857785784,16.0,2
536,0.13735800510820761,0.23560485416900856,16.0,2
537,0.33853667846199376,0.575125923276906,16.0,3
538,0.46097289519128437,0.21093618858417373,16.0,5
539,0.2935848673108684,0.6161398564908384,16.0,2
540,0.18590507023340708,0.37252523365577395,16.0,2
541,0.007546267566347575,0.04927241481868272,16.0,4
542,0.4608493099011526,0.27989648011195767,16.0,2
543,0.6170590888009748,0.6451385505050385,16.0,3
544,0.5509073742574265,0.8351445144298224,16.0,2
545,0.48583624579307383,0.6953191075505408,16.0,3
546,0.24923361642209152,0.2921500045157803,16.0,5
547,0.07505512184205432,0.10374012075338557,16.0,4
548,0.2523986460482517,0.8671952047169517,16.0,4
549,0.25010293516897697,0.681305294003852,16.0,3
550,0.4557572139676961,0.2388663121666823,16.0,2
551,0.910035389514849,0.47738787667846627,16.0,2
552,0.40400331877811824,0.025357258022546958,16.0,2
553,0.12210822048282244,0.45517505138054437,16.0,2
554,0.8466060821058774,0.2649616881411442,16.0,2
555,0.4872700680004195,0.3846067599486931,16.0,3
556,0.06052392175788379,0.6709266439229384,16.0,4
557,0.9217707483017148,0.39594096542492974,16.0,2
558,0.719982433998728,0.5493822931090191,16.0,3
559,0.3779309704636181,0.17358521798015414,16.0,2
560,0.3063910645285016,0.819965771968354,16.0,2
561,0.3304264597290416,0.7450776173078345,16.0,4
562,0.2089324621483164,0.6451763018826978,16.0,3
563,0.7574085073384019,0.12006719891877249,16.0,2
564,0.2545413627785176,0.450923734040927,16.0,2
565,0.9939614709326843,0.9203702950317749,16.0,4
566,0.9198054751282891,0.52275614268888,16.0,5
567,0.7822489364813374,0.2092491059532412,16.0,2
568,0.34393309131858585,0.28904072962506955,16.0,2
569,0.7841258755333512,0.3831025158617173,16.0,2
570,0.39648480070485503,0.8784704095335357,16.0,2
571,0.16758527617074326,0.7148298529461761,16.0,5
572,0.7781513634575065,0.880351291769231,16.0,3
573,0.4223671563804893,0.042204554897250945,16.0,2
574,0.0763687181875412,0.3281431972565103,16.0,2
575,0.16741301718810686,0.807810722774336,16.0,5
576,0.3655355175056987,0.27875200629392716,16.0,3
577,0.004359930452812133,0.10940950231444746,16.0,2
578,0.8417788905984818,0.7046039145192581,16.0,3
579,0.8213969448385597,0.06296502557089434,16.0,3
580,0.35501787484534386,0.5701155592981008,16.0,2
581,0.8434281957173934,0.6856875511281522,16.0,3
582,0.880683519880177,0.2575574825574374,16.0,2
583,0.9902806589314236,0.5845936713527187,16.0,2
584,0.5832911939156636,0.4040216146691259,16.0,4
585,0.3463162276017786,0.4531551449945814,16.0,4
586,0.7516779155656457,0.5705786323518248,16.0,2
587,0.576185022597584,0.28202589749513174,16.0,3
588,0.925992275994764,0.37357495247062844,16.0,5
589,0.2731003516209445,0.7538003173692104,16.0,2
590,0.8970437169151722,0.7485838959195055,16.0,2
591,0.8794929713704226,0.4397533685678814,16.0,4
592,0.7442944816488531,0.7792571333305205,16.0,3
593,0.011263368457226308,0.04418967724685985,16.0,2
594,0.17000313674424605,0.5728476799795057,16.0,3
595,0.6266442828393899,0.97226468586272,16.0,3
596,0.43335736044791207,0.5411284528238274,16.0,5
597,0.28024419458193706,0.861762211723709,16.0,2
598,0.8294233047293028,0.30463649822735994,16.0,6
599,0.464048936187194,0.8716786703480637,16.0,3
600,0.5505021055327237,0.02219648762540838,16.0,2
601,0.19074193161906028,0.48243085858243817,16.0,4
602,0.15340644464143838,0.8332348896230687,16.0,2
603,0.6636486940303528,0.9626419515747093,16.0,2
604,0.0786728276470412,0.7063364980582062,16.0,3
605,0.7392110553008161,0.5159460860058938,16.0,2
606,0.4130291567581247,0.5615756076083677,16.0,2
607,0.6069419563960067,0.831126762632032,16.0,3
608,0.6242606881991438,0.14347465822380734,16.0,4
609,0.4813707210407693,0.5419397080888538,16.0,2
610,0.2136694155246187,0.6577645148607658,16.0,3
611,0.2674471142571091,0.5847782072610971,16.0,2
612,0.43320493892797984,0.3074354134118058,16.0,2
613,0.8916228522227756,0.07453514138775252,16.0,2
614,0.31548319848047557,0.7753238500217503,16.0,5
615,0.6533813873145361,0.26093501101586325,16.0,5
616,0.12195194335094317,0.2501609602567493,16.0,5
617,0.943949495768186,0.4321079783481203,16.0,2
618,0.968109475435534,0.6449212364207851,16.0,2
619,0.8993753704547678,0.2926354601867365,16.0,3
620,0.6104798509924209,0.461562151054163,16.0,2
621,0.003917712594397993,0.7214409116895693,16.0,2
622,0.6531560172629195,0.15864419996882428,16.0,3
623,0.7632325814285804,0.8449067060581591,16.0,3
624,0.2628105384212057,0.8218785852852595,16.0,2
625,0.12821288183913693,0.3225218398586256,16.0,3
626,0.44274791142945147,0.5235186353851429,16.0,2
627,0.6929174886060118,0.9425483216238963,16.0,3
628,0.3762710716614416,0.5964190025554875,16.0,3
629,0.8283875458811885,0.9280881750625248,16.0,2
630,0.38065169351512773,0.7385523149679714,16.0,2
631,0.9748119637999324,0.47794695749673544,16.0,2
632,0.8362965133877548,0.7521566543297578,16.0,4
633,0.9573039009211826,0.31870093637713715,16.0,2
634,0.7927683594917458,0.7027622504908662,16.0,2
635,0.01475824844377649,0.9989153529398994,16.0,3
636,0.5348682794861188,0.14906372664478573,16.0,2
637,0.29866895204714217,0.7805263255541949,16.0,2
638,0.4022417137219263,0.724602358095492,16.0,2
639,0.7478993367046272,0.5830161062464643,16.0,2
640,0.9587911457823258,0.15089970947726983,16.0,2
641,0.7782997896920238,0.44601201706071025,16.0,3
642,0.5936102576734696,0.04396201864761373,16.0,3
643,0.766666384972326,0.1875784150192007,16.0,3
644,0.24165284275864263,0.9412269909358835,16.0,2
645,0.4446874227060772,0.874988602332511,16.0,3
646,0.8695912547624391,0.53011621100724,16.0,2
647,0.39024011387723445,0.5922288129865626,16.0,3
648,0.024951375831635758,0.748069086048204,16.0,3
649,0.31037623483013266,0.01725013532164643,16.0,3
650,0.41795694043812615,0.6425621387080552,16.0,3
651,0.7675572610484737,0.5201898372324565,16.0,2
652,0.03853218754088106,0.9726438328499336,16.0,4
653,0.45506788809044696,0.15997658413866445,16.0,2
654,0.7694706372262741,0.3258424358354952,16.0,3
655,0.30010308814585607,0.23977390975871693,16.0,2
656,0.8493682447617347,0.40213923939586704,16.0,3
657,0.17004775140995942,0.04269083099811166,16.0,2
658,0.6911064683736087,0.25779447423271984,16.0,2
659,0.2601645545601654,0.47694559467485587,16.0,4
660,0.7115261236521716,0.6263655028298591,16.0,3
661,0.8456265346838394,0.597309971303533,16.0,3
662,0.7724016891423832,0.4162763374415738,16.0,3
663,0.2322982747450122,0.3377556598284994,16.0,2
664,0.9988721433129713,0.3603298941518869,16.0,5
665,0.7748511861781862,0.6446105352583706,16.0,3
666,0.33648218344727177,0.26159892917750327,16.0,3
667,0.03868603070350307,0.3431081249591952,16.0,2
668,0.7968463585651747,0.5363569243500586,16.0,2
669,0.3662749120544915,0.7658092020410013,16.0,2
670,0.7151586621269588,0.9478091298467769,16.0,2
671,0.9955789253064727,0.17479975547966742,16.0,2
672,0.3637190103735304,0.46344809147074206,16.0,2
673,0.975988862817251,0.8373337383922197,16.0,2
674,0.3267845038277408,0.12872858314416602,16.0,2
675,0.06618977348221777,0.8353687109929052,16.0,2
676,0.824832065778538,0.2152857111185177,16.0,2
677,0.572158660849912,0.7489343948080689,16.0,2
678,0.42330364347251315,0.7542755551077938,16.0,4
679,0.8225059979354756,0.03479696544079258,16.0,2
680,0.729321474615282,0.22481182339429706,16.0,2
681,0.9373001877786569,0.20464211457416248,16.0,2
682,0.2723058095008808,0.7753619968589216,16.0,2
683,0.17900293049500904,0.291053498433153,16.0,2
684,0.46139071621234795,0.6888635244702439,16.0,2
685,0.43521369195230997,0.20568556559912266,16.0,2
686,0.3447483897969813,0.03695565572311177,16.0,3
687,0.03702392733358739,0.38567918616854946,16.0,2
688,0.5535193471145572,0.591689923280416,16.0,4
689,0.1952457151632535,0.35218363616077375,16.0,3
690,0.21387478686205807,0.06404215317188056,16.0,3
691,0.6063603102141883,0.3052892034429602,16.0,2
692,0.7539677783780442,0.9712277810965376,16.0,2
693,0.555303147641094,0.5066523539380832,16.0,2
694,0.09132054827173552,0.6705687263007215,16.0,2
695,0.3967197683716397,0.20500046075964484,16.0,2
696,0.32846493415497635,0.04135748910108428,16.0,4
697,0.71841156531281,0.5771267423497086,16.0,2
698,0.30606757422906894,0.13292020067341537,16.0,2
699,0.12936445524144835,0.6593168666890802,16.0,2
700,0.48244148975433443,0.4936025940764803,16.0,2
701,0.028706691917866012,0.2017345478321153,16.0,2
702,0.9235588137433369,0.8143921258981474,16.0,2
703,0.28620779821432507,0.8604853259773363,16.0,2
704,0.40840771120101893,0.08133417957247535,16.0,2
705,0.032045914319383306,0.13062130982168985,16.0,2
706,0.3780440434129746,0.6337159313187023,16.0,2
707,0.6854097481942314,0.09569908499885338,16.0,2
708,0.49616115186510157,0.866499178659167,16.0,3
709,0.5070152685843435,0.25663820401814963,16.0,3
710,0.3910408699414163,0.09981903631856659,16.0,3
711,0.905035853111604,0.3375962188208709,16.0,2
712,0.14573445260373474,0.5063323617314541,16.0,3
713,0.6499911156602673,0.10402236338876392,16.0,2
714,0.28569197828350346,0.7087997467253371,16.0,4
715,0.45621284801389794,0.32772462444346295,16.0,2
716,0.4405453270427432,0.3014298197149299,16.0,3
717,0.7765017821611099,0.6415840327361301,16.0,4
718,0.6104825059221614,0.417274300869679,16.0,2
719,0.9535336961123835,0.14388848628169348,16.0,2
720,0.566475438464248,0.2719512142583712,16.0,2
721,0.9709788729421547,0.29522813337809295,16.0,3
722,0.04052364453046009,0.07764815966919536,16.0,3
723,0.5628233088046092,0.45304636875451176,16.0,4
724,0.04080857827211981,0.589504083404438,16.0,3
725,0.006465383064577113,0.5335547027172962,16.0,2
726,0.18075125771550493,0.5892945202411736,16.0,4
727,0.27423859743633083,0.8297952585022228,16.0,3
728,0.692221312998952,0.46791283976829645,16.0,2
729,0.8380768303974205,0.5442166113786323,16.0,2
730,0.03751766994239569,0.17791827652346026,16.0,3
731,0.4041283257223509,0.9687342140855333,16.0,3
732,0.5843525173103336,0.7376399194565355,16.0,3
733,0.9581213467164783,0.1689379500792615,16.0,2
734,0.2990767384262413,0.49183733825563225,16.0,3
735,0.18298421240583007,0.8935287047863378,16.0,2
736,0.19255048459505775,0.0024979489261677257,16.0,2
737,0.6564137382806761,0.7142257820985969,16.0,2
738,0.32425398253117255,0.6371727053263115,16.0,3
739,0.7327196674234425,0.09697975716768714,16.0,3
740,0.4201568046360046,0.6725605422294717,16.0,5
741,0.14222292679110182,0.5383348219522235,16.0,2
742,0.7517405381349149,0.8319470281224258,16.0,2
743,0.9807138857308187,0.4327521110392847,16.0,2
744,0.07094784387904485,0.7018797550744839,16.0,2
745,0.3480085164392437,0.5257887009272197,16.0,2
746,0.24768279899728052,0.7977027558999554,16.0,3
747,0.8426467684499723,0.6187205181011606,16.0,3
748,0.21277616421162204,0.246214361477624,16.0,2
749,0.597960674674634,0.5333019082700301,16.0,2
750,0.7202864655625131,0.872568922629789,16.0,2
751,0.962064829095383,0.08921093325838148,16.0,2
752,0.25576642953682827,0.9557110344047137,16.0,2
753,0.549046491111152,0.3801303339564205,16.0,3
754,0.14248995445762336,0.6412185260163753,16.0,2
755,0.3492228567915522,0.9751337290132557,16.0,2
756,0.38527553146270976,0.5832842622445263,16.0,2
757,0.7137523520483798,0.5907672771606584,16.0,2
758,0.8279199811284312,0.796172525929621,16.0,2
759,0.8345849173050688,0.43150009571443804,16.0,2
760,0.8348933686227874,0.9506422521362918,16.0,2
761,0.8859394849040327,0.4880267099588631,16.0,2
762,0.5635552547896278,0.18054944496627257,16.0,4
763,0.7786826217314,0.22479651796888167,16.0,2
764,0.20546006212768886,0.8023478545319019,16.0,3
765,0.6833805360043891,0.0038677841818826053,16.0,2
766,0.31669459784097453,0.5007950015221946,16.0,2
767,0.6521675493276674,0.5060596385934546,16.0,2
768,0.0973514694393266,0.9703750246775442,16.0,3
769,0.023257357234970466,0.9537986675132889,16.0,2
770,0.9065689548908754,0.6739042066406512,16.0,3
771,0.6520431212739505,0.37116107263901,16.0,2
772,0.7574055310796567,0.1647656421633632,16.0,2
773,0.6831304602396102,0.2753477340803958,16.0,2
774,0.3238720846480906,0.590986365169936,16.0,3
775,0.22599438457229293,0.8269898158140511,16.0,2
776,0.5012517261112086,0.7472117156335387,16.0,2
777,0.962131511149372,0.7542799933856269,16.0,2
778,0.7032959899553688,0.7535064850315893,16.0,4
779,0.614674193702409,0.7264602585522214,16.0,2
780,0.24313681883817928,0.46402565423882347,16.0,2
781,0.6256226444096562,0.20215957969363896,16.0,2
782,0.8342051908646282,0.9389627850967719,16.0,2
783,0.9922779819047096,0.5324197040064861,16.0,2
784,0.81008048497336,0.22621283871941555,16.0,2
785,0.5260555656113362,0.36344935968183345,16.0,3
786,0.03327329225978126,0.6741300668573421,16.0,2
787,0.00896340045937094,0.34042290934512653,16.0,3
788,0.40510568282691317,0.9125073104283336,16.0,3
789,0.17946726226797483,0.25564473279864053,16.0,2
790,0.10139227767709891,0.8621474297876689,16.0,3
791,0.5638298778441079,0.8162383853679905,16.0,2
792,0.7609989589587368,0.6220261764668242,16.0,2
793,0.9031956787807056,0.27746713627717723,16.0,2
794,0.9373852224399741,0.6107495042681012,16.0,2
795,0.5811375543876781,0.8994089859879717,16.0,2
796,0.7243384249133811,0.4733764400222743,16.0,2
797,0.5046002917488738,0.5786896464966161,16.0,2
798,0.5750920850437085,0.9955186937443734,16.0,3
799,0.25056937566997517,0.8319044882840324,16.0,2
800,0.22805799116038217,0.3555080032707879,16.0,4
801,0.18263642503200495,0.8058436965727055,16.0,2
802,0.1774038089913157,0.5160482818365318,16.0,2
803,0.16780632552570351,0.6290591550380756,16.0,3
804,0.7494420121671966,0.5283194816700246,16.0,2
805,0.7455079490762984,0.2570799303842045,16.0,2
806,0.1575960384774021,0.29033788407012895,16.0,2
807,0.9527491703691202,0.5185273887482961,16.0,2
808,0.1492969167702496,0.5807060257864379,16.0,2
809,0.8919038982504603,0.37452559668816854,16.0,2
810,0.8208327960327912,0.3292589302634039,16.0,2
811,0.5555833570468834,0.08151633077198017,16.0,2
812,0.011068654056500482,0.1759973811580634,16.0,2
813,0.45899188711497485,0.24698665780516882,16.0,2
814,0.2905636034778101,0.4208036742144816,16.0,2
815,0.196433114548625,0.33578255053384376,16.0,2
816,0.57520776995286,0.1647663033709873,16.0,2
817,0.5366064011725842,0.8915141033043008,16.0,2
818,0.12467539436703745,0.5302230023899996,16.0,2
819,0.5021612473476863,0.22408684195402095,16.0,2
820,0.47191326969035174,0.8505702930663025,16.0,2
821,0.5076598885562841,0.2377924950005189,16.0,2
822,0.23555461543863287,0.9926708012413403,16.0,2
823,0.10033837065865625,0.4119442506389067,16.0,3
824,0.8485301228372165,0.3535983048482312,16.0,2
825,0.6598440907225993,0.6249475896369492,16.0,3
826,0.772453096284812,0.5553295348857206,16.0,3
827,0.44484450148556454,0.45468480418870205,16.0,3
828,0.5730455432035124,0.7782543797338596,16.0,4
829,0.84243536005878,0.06516742920747887,16.0,2
830,0.9844711493222246,0.6538089692843703,16.0,2
831,0.7630454137052686,0.6877919258203568,16.0,2
832,0.03927863720119085,0.009300598250025383,16.0,3
833,0.4909786209639667,0.2698793885014351,16.0,2
834,0.30361756174243404,0.9076796879032952,16.0,2
835,0.39875602436170654,0.748679436714669,16.0,3
836,0.5971926045750708,0.5032756245879296,16.0,2
837,0.6520561234068754,0.6205682440753235,16.0,4
838,0.9640269064417246,0.36381611444081163,16.0,3
839,0.6076687277024932,0.9050054945687763,16.0,2
840,0.21608530025246053,0.5506692168593575,16.0,3
841,0.3976273491733596,0.24215496099504663,16.0,3
842,0.6037385156170867,0.5099197682690227,16.0,2
843,0.6903186910419279,0.02181673194354794,16.0,3
844,0.08316759984645494,0.9671237719157635,16.0,3
845,0.2124957305081281,0.7913890124317954,16.0,3
846,0.0670470117225711,0.2829430336962002,16.0,2
847,0.6074068989010669,0.13482569048722037,16.0,2
848,0.2339157113061796,0.8818484287812937,16.0,2
849,0.07441735191264987,0.1381776239952971,16.0,2
850,0.7419229601563174,0.05137450101832508,16.0,2
851,0.6445220566747931,0.09002973156335958,16.0,2
852,0.3403196777275872,0.8495392644093626,16.0,3
853,0.23277259123106353,0.47774823409923073,16.0,2
854,0.7864699095853797,0.8020872950956492,16.0,2
855,0.6655486257337544,0.05250471206704144,16.0,2
856,0.07321837322649183,0.04559647158147784,16.0,3
857,0.1832653607179885,0.9478741982519101,16.0,2
858,0.3200916448821901,0.3929574201071441,16.0,2
859,0.14959613747030986,0.09563745913075616,16.0,2
860,0.9003568326467183,0.29860446177291466,16.0,2
861,0.260367755320689,0.051687488124844805,16.0,2
862,0.6557125367640364,0.25270501854638483,16.0,2
863,0.1265751421236947,0.7926163029955409,16.0,2
864,0.11936302506452579,0.14888197492719335,16.0,2
865,0.75475860852598,0.24674340679386464,16.0,2
866,0.3238902979170807,0.3573996561552202,16.0,3
867,0.6417512019759735,0.7610758528059897,16.0,2
868,0.891886545553951,0.23879810407045055,16.0,2
869,0.6616629045048922,0.12323190209006907,16.0,2
870,0.7181814419649184,0.9587142429075751,16.0,2
871,0.5253984245949215,0.09127378098044947,16.0,2
872,0.13189640884737697,0.2510070006220019,16.0,2
873,0.41156116634592377,0.2959446052136071,16.0,3
874,0.5590594713421115,0.12146905539850894,16.0,2
875,0.17569682772512096,0.19855240752484538,16.0,2
876,0.8863476024044608,0.9013183799473996,16.0,2
877,0.9966059863763782,0.35428199267911675,16.0,2
878,0.3396372682294949,0.6990130289462643,16.0,2
879,0.10991659256997044,0.8691138749839943,16.0,2
880,0.1097753500515023,0.085998621684509,16.0,2
881,0.3675636257671653,0.40850744465696076,16.0,2
882,0.8748953576224718,0.7260960526201553,16.0,2
883,0.33477902445369945,0.49170021050932977,16.0,2
884,0.07175092012587825,0.33442893436483556,16.0,2
885,0.5661391573664957,0.9163160972147147,16.0,3
886,0.7001823891988007,0.8755115841336675,16.0,2
887,0.4396754182975825,0.04941532685494188,16.0,2
888,0.2293865438706153,0.1653889350718042,16.0,2
889,0.7438108550024521,0.3429696615426471,16.0,3
890,0.011078462646041065,0.9403809728227754,16.0,2
891,0.6034971739147039,0.9949196072391152,16.0,2
892,0.4584907243671219,0.8751073030437029,16.0,2
893,0.5823466234453948,0.8806723517955518,16.0,2
894,0.3229227309253837,0.30286430010464604,16.0,2
895,0.06826338343882155,0.35228399715103353,16.0,3
896,0.5814109233390407,0.2770443341980615,16.0,2
897,0.26330579079793026,0.08463905401915972,16.0,2
898,0.9773560133030574,0.8202299023616246,16.0,2
899,0.3426697153907462,0.4732298224385072,16.0,3
900,0.9790959091700245,0.6159198097932188,16.0,2
901,0.5306872239439668,0.648997118701799,16.0,2
902,0.24418989108667155,0.04583912081444019,16.0,2
903,0.7889259700377417,0.8680530203557041,16.0,2
904,0.3465227623158127,0.9870797570018761,16.0,2
905,0.4920856010588449,0.506893798147207,16.0,2
906,0.9669935894921021,0.18043284820099648,16.0,2
907,0.5033321972381964,0.7257512292121666,16.0,2
908,0.976937607492823,0.3694763668114873,16.0,2
909,0.43318346378107,0.8744176545130629,16.0,2
910,0.14459851892466524,0.8796016305623072,16.0,3
911,0.3855905895173636,0.6213085252220678,16.0,2
912,0.6205666856003476,0.9696427227062139,16.0,2
913,0.9813926075075519,0.3972367663749592,16.0,2
914,0.22135392723788294,0.3232807091716712,16.0,2
915,0.5062858636588314,0.6532930762100069,16.0,2
916,0.4602697715316949,0.46930366556848735,16.0,2
917,0.05969049654804026,0.45694506096268894,16.0,2
918,0.597379623251501,0.7545394330834857,16.0,2
919,0.4234291589429392,0.2509017603658201,16.0,2
920,0.16448972949519824,0.4993942865356893,16.0,2
921,0.4885279641853303,0.7048230578946179,16.0,3
922,0.42290741579808055,0.3911145597900777,16.0,2
923,0.4306142218837554,0.1751618450847291,16.0,2
924,0.09783742939062212,0.5623544625022749,16.0,2
925,0.7497075941786563,0.966234518628841,16.0,2
926,0.6891771375785056,0.26825495472511296,16.0,2
927,0.09271274434027776,0.7511880615003761,16.0,2
928,0.2735537393775811,0.16485037550258808,16.0,2
929,0.17345207797217854,0.23391550949639672,16.0,2
930,0.11901159646276993,0.8757687049514881,16.0,2
931,0.35238611794827646,0.008649424487823798,16.0,2
932,0.48109102236387546,0.9627481250051965,16.0,3
933,0.10872053023991579,0.26799262445258676,16.0,2
934,0.8778709482399936,0.4502465255331438,16.0,2
935,0.3724157758027985,0.5994109757337525,16.0,2
936,0.6695267632968527,0.6766823479035341,16.0,2
937,0.9387933825772936,0.662144678323059,16.0,2
938,0.33593867944420885,0.4981705033340057,16.0,2
939,0.6083046059781521,0.0677054695615491,16.0,2
940,0.54702808865838,0.5668967208696303,16.0,2
941,0.22918948362801217,0.14837405413590665,16.0,2
942,0.754524301953582,0.669608196089803,16.0,3
943,0.4502008979476144,0.10021675148376552,16.0,2
944,0.25936855207715337,0.7797339109421679,16.0,2
945,0.3864614430777087,0.7076129631168027,16.0,2
946,0.5132654636728791,0.23425645773929238,16.0,2
947,0.7933130626626747,0.09887437707227875,16.0,2
948,0.874116741632099,0.8896550357643312,16.0,2
949,0.8665687752691955,0.5844711911379639,16.0,2
950,0.09814358538609436,0.7224221991086504,16.0,2
951,0.9004231878878807,0.8124883740427244,16.0,2
952,0.17564334673318738,0.1820199555723404,16.0,2
953,0.3480681900602637,0.787013844793584,16.0,2
954,0.16755901751044633,0.5746448530150804,16.0,2
955,0.13819129675342257,0.7491051879030042,16.0,2
956,0.5720291982735662,0.8783137414080867,16.0,2
957,0.19471751845985297,0.4932159536983457,16.0,2
958,0.05313761760625246,0.8148212817820549,16.0,2
959,0.6843149430277762,0.34799985847422266,16.0,2
960,0.8209573588492284,0.25567849769765283,16.0,2
961,0.4212886893636011,0.21053272315013072,16.0,2
962,0.5931740531083869,0.6751417770950752,16.0,2
963,0.4990401229181477,0.5222597153444796,16.0,2
964,0.894081703830011,0.5029744061599878,16.0,2
965,0.6969301545230754,0.3290635361512694,16.0,2
966,0.37083580266354377,0.8256666329562555,16.0,2
967,0.4457106278242281,0.7696450060327479,16.0,2
968,0.275628526944137,0.9747564583500868,16.0,2
969,0.32125681052186905,0.1672656103039123,16.0,2
970,0.8599822134610983,0.7531171712008246,16.0,2
971,0.37538484912811143,0.2959064830637701,16.0,2
972,0.22988039896696366,0.7401315626802412,16.0,2
973,0.8620469106024143,0.0637294061152276,16.0,2
974,0.8340231348544352,0.8638183171664686,16.0,2
975,0.5825128439635165,0.06702521830894204,16.0,2
976,0.13771598460985635,0.9024926979905327,16.0,2
977,0.359249096262678,0.09171737877182962,16.0,2
978,0.5886354557868613,0.09384627811123347,16.0,2
979,0.3956374500821195,0.7226807561398587,16.0,2
980,0.6095431885427472,0.48586558980566774,16.0,2
981,0.7234786117707181,0.6348830370478216,16.0,2
982,0.5556919375729897,0.9238140569580994,16.0,2
983,0.6394933324475848,0.5054875709613297,16.0,2
984,0.10045442394836523,0.5036039647920189,16.0,2
985,0.35619947488592163,0.21258265787424413,16.0,2
986,0.5247742338383207,0.5419628859870461,16.0,2
987,0.23871832610132016,0.16282970764309368,16.0,2
988,0.09897738592728955,0.2628705005397616,16.0,2
989,0.2508618840061648,0.9373600074706205,16.0,2
990,0.5882133474109595,0.5016274209185657,16.0,2
991,0.24591184092856155,0.537863642161676,16.0,2
992,0.6596679419382512,0.9174988384485879,16.0,2
993,0.9427858175947016,0.3363618929536537,16.0,2
994,0.28227465693720666,0.24164338362130988,16.0,2
995,0.6619575064240232,0.7978886484606901,16.0,2
996,0.5505164870257483,0.734229283699502,16.0,2
997,0.8253789274677092,0.21048458892026423,16.0,2
998,0.7507533825022423,0.5702770475042876,16.0,2
999,0.24845475769468173,0.17907762736886268,16.0,2
