u,v
0,1
0,2
0,3
0,4
1,2
1,3
1,4
2,3
2,4
3,4
5,0
5,2
6,0
6,3
7,0
7,2
8,0
8,4
9,4
9,1
10,4
10,9
11,1
11,4
12,5
12,0
13,2
13,0
14,1
14,4
15,0
15,8
16,11
16,3
17,4
17,2
18,0
18,6
19,2
19,8
20,6
20,4
21,11
21,4
22,9
22,0
23,8
23,19
24,23
24,8
25,16
25,19
26,0
26,1
27,6
27,0
28,8
28,6
29,3
29,8
30,27
30,10
31,1
31,21
32,3
32,18
33,8
33,3
34,11
34,9
35,10
35,24
36,34
36,13
37,25
37,24
38,4
38,8
39,2
39,24
40,33
40,24
41,11
41,9
42,4
42,34
43,27
43,23
44,2
44,16
45,7
45,10
46,0
46,18
47,5
47,16
48,0
48,2
49,0
49,5
50,22
50,16
51,50
51,9
52,16
52,24
53,4
53,1
54,27
54,2
55,33
55,52
56,34
56,0
57,0
57,4
58,33
58,32
59,7
59,10
60,8
60,7
61,4
61,45
62,1
62,50
63,37
63,4
64,54
64,39
65,4
65,8
66,7
66,4
67,4
67,52
68,22
68,4
69,25
69,16
70,26
70,8
71,28
71,52
72,45
72,63
73,31
73,33
74,1
74,69
75,53
75,16
76,0
76,9
77,24
77,75
78,0
78,22
79,77
79,63
80,0
80,41
81,69
81,68
82,10
82,53
83,24
83,8
84,66
84,4
85,59
85,74
86,5
86,4
87,68
87,4
88,0
88,69
89,16
89,24
90,61
90,2
91,83
91,24
92,50
92,62
93,50
93,84
94,22
94,68
95,29
95,63
96,75
96,13
97,16
97,4
98,0
98,44
99,95
99,14
100,25
100,4
101,26
101,0
102,5
102,69
103,16
103,25
104,21
104,88
105,10
105,5
106,6
106,34
107,4
107,59
108,40
108,70
109,68
109,8
110,16
110,35
111,68
111,69
112,39
112,29
113,2
113,61
114,4
114,59
115,23
115,34
116,8
116,0
117,18
117,75
118,61
118,109
119,67
119,44
120,2
120,27
121,40
121,34
122,67
122,18
123,39
123,2
124,99
124,21
125,21
125,63
126,33
126,109
127,121
127,43
128,95
128,32
129,3
129,33
130,35
130,16
131,99
131,0
132,13
132,8
133,44
133,3
134,34
134,100
135,4
135,82
136,34
136,6
137,54
137,4
138,18
138,9
139,109
139,67
140,14
140,55
141,19
141,109
142,26
142,24
143,16
143,3
144,10
144,45
145,30
145,21
146,144
146,4
147,68
147,33
148,2
148,19
149,63
149,52
150,68
150,80
151,79
151,29
152,34
152,4
153,89
153,25
154,16
154,4
155,89
155,109
156,8
156,68
157,8
157,94
158,9
158,25
159,83
159,75
160,6
160,69
161,34
161,11
162,20
162,55
163,3
163,35
164,75
164,35
165,143
165,24
166,18
166,24
167,51
167,136
168,21
168,1
169,143
169,124
170,7
170,156
171,24
171,69
172,4
172,117
173,83
173,24
174,127
174,86
175,47
175,57
176,33
176,52
177,8
177,84
178,22
178,89
179,82
179,27
180,105
180,78
181,138
181,9
182,139
182,91
183,39
183,120
184,54
184,6
185,68
185,61
186,182
186,57
187,54
187,2
188,174
188,8
189,0
189,78
190,16
190,35
191,137
191,91
192,32
192,9
193,1
193,69
194,159
194,10
195,75
195,178
196,4
196,149
197,176
197,154
198,4
198,112
199,16
199,0
200,4
200,17
201,13
201,50
202,196
202,0
203,31
203,115
204,29
204,152
205,0
205,42
206,135
206,0
207,13
207,5
208,52
208,0
209,3
209,34
210,92
210,7
211,0
211,120
212,18
212,77
213,53
213,1
214,46
214,15
215,183
215,202
216,24
216,150
217,23
217,160
218,22
218,194
219,103
219,55
220,8
220,16
221,10
221,68
222,52
222,118
223,174
223,16
224,106
224,1
225,52
225,214
226,109
226,16
227,117
227,114
228,211
228,16
229,114
229,190
230,163
230,117
231,24
231,46
232,78
232,94
233,7
233,70
234,1
234,144
235,178
235,156
236,144
236,195
237,0
237,33
238,202
238,151
239,54
239,36
240,32
240,31
241,31
241,6
242,0
242,25
243,160
243,4
244,7
244,5
245,61
245,117
246,2
246,176
247,1
247,193
248,124
248,37
249,0
249,10
250,41
250,56
251,217
251,52
252,32
252,40
253,109
253,57
254,5
254,0
255,33
255,113
256,95
256,143
257,13
257,27
258,116
258,52
259,80
259,8
260,194
260,8
261,106
261,4
262,8
262,4
263,26
263,97
264,1
264,2
265,221
265,80
266,39
266,11
267,13
267,16
268,68
268,36
269,138
269,133
270,16
270,159
271,251
271,16
272,127
272,236
273,30
273,135
274,173
274,79
275,149
275,222
276,65
276,159
277,4
277,32
278,9
278,247
279,106
279,33
280,69
280,3
281,5
281,53
282,8
282,147
283,227
283,44
284,17
284,27
285,8
285,2
286,51
286,12
287,232
287,4
288,3
288,7
289,30
289,2
290,91
290,4
291,195
291,115
292,45
292,27
293,39
293,112
294,0
294,232
295,285
295,59
296,3
296,210
297,214
297,236
298,4
298,67
299,50
299,194
300,178
300,17
301,2
301,105
302,13
302,95
303,83
303,6
304,13
304,16
305,214
305,194
306,13
306,8
307,55
307,46
308,92
308,156
309,174
309,56
310,147
310,287
311,153
311,90
312,160
312,91
313,4
313,17
314,33
314,95
315,147
315,10
316,4
316,87
317,182
317,46
318,21
318,313
319,9
319,41
320,123
320,0
321,54
321,17
322,21
322,307
323,33
323,185
324,50
324,1
325,28
325,75
326,24
326,50
327,114
327,232
328,30
328,103
329,189
329,25
330,227
330,306
331,195
331,19
332,182
332,25
333,33
333,97
334,214
334,4
335,321
335,1
336,16
336,29
337,311
337,301
338,234
338,39
339,84
339,314
340,0
340,87
341,35
341,227
342,161
342,321
343,197
343,7
344,18
344,297
345,2
345,289
346,67
346,143
347,321
347,0
348,297
348,82
349,227
349,171
350,3
350,4
351,141
351,1
352,61
352,8
353,18
353,45
354,106
354,193
355,113
355,27
356,2
356,75
357,81
357,50
358,196
358,68
359,1
359,265
360,1
360,173
361,138
361,117
362,0
362,5
363,9
363,40
364,151
364,16
365,45
365,32
366,163
366,326
367,167
367,8
368,73
368,109
369,135
369,45
370,8
370,82
371,97
371,4
372,33
372,109
373,35
373,351
374,32
374,1
375,347
375,0
376,16
376,215
377,306
377,308
378,9
378,5
379,203
379,16
380,4
380,305
381,1
381,62
382,1
382,2
383,43
383,0
384,54
384,41
385,83
385,35
386,216
386,340
387,75
387,160
388,0
388,320
389,168
389,38
390,88
390,259
391,114
391,280
392,13
392,35
393,86
393,4
394,61
394,14
395,115
395,253
396,337
396,183
397,320
397,52
398,1
398,112
399,45
399,91
400,103
400,347
401,348
401,68
402,6
402,13
403,47
403,302
404,4
404,91
405,37
405,137
406,403
406,21
407,236
407,84
408,77
408,139
409,404
409,30
410,365
410,306
411,79
411,3
412,2
412,39
413,30
413,134
414,88
414,19
415,210
415,4
416,19
416,365
417,13
417,130
418,158
418,80
419,2
419,307
420,143
420,322
421,22
421,312
422,404
422,19
423,363
423,200
424,329
424,50
425,94
425,231
426,117
426,203
427,123
427,4
428,163
428,236
429,3
429,68
430,255
430,0
431,386
431,34
432,4
432,390
433,293
433,327
434,343
434,173
435,205
435,1
436,54
436,289
437,109
437,277
438,141
438,428
439,50
439,22
440,317
440,159
441,52
441,33
442,35
442,5
443,46
443,14
444,174
444,236
445,75
445,8
446,332
446,274
447,61
447,264
448,200
448,391
449,336
449,16
450,153
450,334
451,152
451,1
452,4
452,143
453,127
453,263
454,66
454,8
455,10
455,92
456,1
456,14
457,16
457,103
458,16
458,342
459,333
459,140
460,21
460,65
461,362
461,283
462,28
462,450
463,4
463,247
464,0
464,151
465,10
465,16
466,10
466,221
467,221
467,68
468,331
468,326
469,33
469,361
470,143
470,292
471,16
471,109
472,21
472,284
473,186
473,214
474,382
474,203
475,54
475,66
476,430
476,137
477,158
477,200
478,19
478,53
479,237
479,27
480,21
480,301
481,16
481,52
482,396
482,66
483,68
483,44
484,354
484,256
485,4
485,30
486,69
486,1
487,69
487,4
488,16
488,8
489,314
489,295
490,4
490,117
491,135
491,26
492,0
492,14
493,118
493,35
494,364
494,182
495,252
495,425
496,5
496,293
497,68
497,359
498,38
498,144
499,359
499,244
500,5
500,48
501,306
501,440
502,80
502,391
503,276
503,195
504,325
504,286
505,63
505,391
506,96
506,43
507,69
507,8
508,19
508,34
509,13
509,212
510,24
510,155
511,211
511,286
512,182
512,437
513,5
513,33
514,2
514,262
515,349
515,7
516,78
516,29
517,359
517,272
518,391
518,433
519,387
519,52
520,264
520,509
521,447
521,94
522,37
522,343
523,369
523,446
524,92
524,341
525,16
525,25
526,447
526,2
527,25
527,284
528,69
528,13
529,121
529,266
530,395
530,6
531,383
531,28
532,54
532,18
533,164
533,8
534,492
534,209
535,67
535,33
536,0
536,150
537,84
537,331
538,227
538,415
539,16
539,33
540,2
540,91
541,154
541,283
542,362
542,514
543,492
543,4
544,410
544,10
545,523
545,63
546,151
546,45
547,143
547,359
548,407
548,401
549,419
549,8
550,0
550,88
551,140
551,319
552,478
552,0
553,88
553,443
554,50
554,444
555,19
555,527
556,124
556,24
557,4
557,1
558,2
558,290
559,280
559,529
560,60
560,4
561,42
561,34
562,91
562,428
563,496
563,429
564,11
564,16
565,17
565,519
566,141
566,19
567,69
567,381
568,50
568,97
569,55
569,22
570,75
570,2
571,552
571,381
572,440
572,141
573,419
573,168
574,493
574,248
575,112
575,498
576,335
576,400
577,27
577,421
578,434
578,462
579,301
579,396
580,91
580,130
581,296
581,128
582,532
582,15
583,214
583,185
584,168
584,510
585,275
585,38
586,101
586,247
587,0
587,163
588,4
588,28
589,3
589,588
590,33
590,13
591,199
591,81
592,97
592,236
593,34
593,369
594,199
594,452
595,91
595,293
596,553
596,407
597,243
597,277
598,0
598,78
599,88
599,275
600,329
600,4
601,92
601,150
602,164
602,2
603,8
603,13
604,19
604,38
605,115
605,121
606,0
606,63
607,277
607,14
608,581
608,121
609,306
609,83
610,68
610,73
611,4
611,588
612,8
612,397
613,371
613,81
614,226
614,444
615,170
615,222
616,400
616,6
617,3
617,185
618,192
618,308
619,371
619,87
620,205
620,289
621,482
621,512
622,351
622,108
623,326
623,291
624,587
624,84
625,568
625,438
626,135
626,375
627,304
627,394
628,29
628,396
629,0
629,143
630,462
630,30
631,396
631,27
632,3
632,13
633,173
633,24
634,149
634,16
635,598
635,384
636,0
636,138
637,9
637,4
638,536
638,561
639,449
639,548
640,561
640,68
641,449
641,25
642,9
642,88
643,301
643,0
644,381
644,256
645,202
645,44
646,88
646,143
647,86
647,3
648,27
648,84
649,0
649,257
650,523
650,9
651,3
651,50
652,0
652,69
653,221
653,69
654,291
654,3
655,0
655,69
656,146
656,84
657,118
657,455
658,580
658,513
659,78
659,86
660,178
660,0
661,417
661,16
662,378
662,578
663,91
663,338
664,1
664,7
665,362
665,10
666,112
666,560
667,16
667,34
668,375
668,26
669,24
669,134
670,77
670,4
671,54
671,5
672,34
672,525
673,2
673,80
674,301
674,651
675,43
675,194
676,130
676,19
677,1
677,434
678,368
678,489
679,390
679,587
680,19
680,12
681,488
681,214
682,462
682,351
683,321
683,479
684,28
684,353
685,11
685,568
686,130
686,639
687,89
687,371
688,14
688,314
689,35
689,525
690,193
690,26
691,473
691,644
692,1
692,328
693,4
693,433
694,304
694,151
695,5
695,95
696,160
696,151
697,49
697,185
698,8
698,14
699,679
699,130
700,153
700,199
701,362
701,381
702,24
702,29
703,461
703,342
704,624
704,210
705,121
705,699
706,95
706,599
707,274
707,136
708,672
708,27
709,153
709,217
710,610
710,210
711,227
711,88
712,357
712,68
713,31
713,37
714,0
714,50
715,34
715,25
716,74
716,699
717,708
717,440
718,108
718,502
719,666
719,561
720,696
720,191
721,16
721,44
722,33
722,0
723,221
723,1
724,393
724,9
725,19
725,29
726,407
726,7
727,686
727,82
728,531
728,558
729,1
729,341
730,617
730,338
731,41
731,25
732,328
732,52
733,337
733,633
734,129
734,159
735,610
735,308
736,50
736,33
737,385
737,4
738,0
738,106
739,378
739,63
740,550
740,2
741,26
741,198
742,16
742,86
743,10
743,130
744,553
744,148
745,726
745,61
746,52
746,394
747,437
747,412
748,8
748,68
749,55
749,496
750,231
750,127
751,4
751,739
752,489
752,148
753,14
753,325
754,145
754,107
755,347
755,379
756,329
756,0
757,214
757,341
758,16
758,52
759,177
759,576
760,348
760,199
761,8
761,46
762,121
762,28
763,45
763,120
764,112
764,322
765,104
765,16
766,0
766,2
767,144
767,463
768,746
768,592
769,13
769,464
770,555
770,362
771,662
771,315
772,606
772,362
773,632
773,4
774,108
774,5
775,34
775,69
776,384
776,69
777,0
777,574
778,50
778,2
779,773
779,2
780,581
780,651
781,367
781,136
782,18
782,232
783,246
783,62
784,597
784,587
785,613
785,143
786,390
786,631
787,235
787,0
788,352
788,701
789,32
789,9
790,57
790,485
791,197
791,50
792,494
792,83
793,412
793,4
794,8
794,1
795,182
795,118
796,21
796,586
797,746
797,485
798,50
798,552
799,162
799,718
800,4
800,383
801,570
801,52
802,8
802,449
803,380
803,646
804,10
804,21
805,170
805,324
806,5
806,592
807,25
807,455
808,16
808,332
809,420
809,47
810,110
810,174
811,37
811,696
812,446
812,109
813,353
813,301
814,658
814,161
815,9
815,97
816,145
816,193
817,371
817,32
818,112
818,52
819,728
819,10
820,547
820,336
821,277
821,465
822,761
822,8
823,403
823,32
824,563
824,8
825,820
825,10
826,728
826,630
827,245
827,0
828,792
828,686
829,3
829,564
830,25
830,325
831,159
831,430
832,564
832,8
833,182
833,224
834,535
834,17
835,660
835,24
836,69
836,683
837,218
837,610
838,112
838,174
839,23
839,315
840,791
840,144
841,155
841,4
842,838
842,431
843,1
843,446
844,793
844,30
845,34
845,464
846,570
846,252
847,69
847,253
848,754
848,403
849,77
849,13
850,309
850,18
851,747
851,307
852,528
852,149
853,50
853,246
854,635
854,182
855,676
855,283
856,8
856,632
857,148
857,248
858,4
858,167
859,266
859,605
860,35
860,543
861,692
861,30
862,5
862,622
863,377
863,21
864,69
864,397
865,100
865,16
866,278
866,232
867,118
867,87
868,153
868,8
869,4
869,380
870,354
870,718
871,337
871,306
872,83
872,78
873,687
873,85
874,138
874,547
875,88
875,109
876,33
876,0
877,317
877,428
878,11
878,693
879,728
879,722
880,673
880,45
881,8
881,210
882,91
882,447
883,322
883,595
884,50
884,492
885,561
885,329
886,564
886,500
887,527
887,702
888,587
888,54
889,278
889,5
890,21
890,140
891,568
891,274
892,110
892,190
893,818
893,63
894,8
894,275
895,4
895,384
896,178
896,223
897,176
897,154
898,121
898,238
899,61
899,409
900,144
900,681
901,307
901,24
902,13
902,4
903,174
903,10
904,303
904,5
905,52
905,96
906,880
906,306
907,25
907,345
908,141
908,345
909,855
909,121
910,104
910,205
911,845
911,39
912,256
912,259
913,528
913,751
914,193
914,795
915,151
915,78
916,755
916,569
917,390
917,474
918,63
918,301
919,200
919,561
920,875
920,161
921,807
921,59
922,358
922,728
923,14
923,749
924,447
924,802
925,173
925,34
926,91
926,348
927,9
927,630
928,831
928,430
929,34
929,8
930,598
930,33
931,40
931,39
932,328
932,0
933,68
933,97
934,462
934,30
935,108
935,784
936,69
936,829
937,13
937,173
938,86
938,257
939,496
939,91
940,94
940,155
941,828
941,27
942,745
942,46
943,390
943,69
944,8
944,114
945,35
945,69
946,686
946,876
947,912
947,815
948,285
948,124
949,833
949,6
950,71
950,295
951,0
951,78
952,596
952,117
953,788
953,152
954,190
954,277
955,949
955,763
956,458
956,25
957,32
957,4
958,4
958,51
959,13
959,595
960,28
960,137
961,636
961,897
962,588
962,0
963,823
963,221
964,69
964,143
965,138
965,470
966,848
966,24
967,887
967,853
968,749
968,346
969,495
969,536
970,543
970,130
971,598
971,354
972,318
972,137
973,77
973,109
974,659
974,637
975,103
975,345
976,8
976,41
977,638
977,444
978,161
978,0
979,323
979,143
980,82
980,32
981,276
981,227
982,106
982,743
983,62
983,0
984,741
984,631
985,121
985,489
986,259
986,41
987,122
987,185
988,606
988,182
989,337
989,252
990,317
990,86
991,10
991,54
992,545
992,431
993,75
993,8
994,205
994,48
995,828
995,557
996,256
996,821
997,25
997,569
998,894
998,787
999,91
999,828
